packets_received,wrapped_seq
10000,9964
20000,19999
30000,29929
40000,39962
50000,49900
60000,59957
70000,4403
80000,14441
90000,24396
100000,34463
110000,44463
120000,54382
130000,64463
140000,8917
150000,18898
160000,28868
170000,38927
180000,48927
190000,58853
200000,3303
210000,13334
220000,23391
230000,33391
240000,43391
250000,53340
260000,63391
270000,7855
280000,17785
290000,27788
300000,37766
310000,47842
320000,57825
330000,2250
340000,12227
350000,22310
360000,32319
370000,42251
380000,52319
390000,62319
400000,6783
410000,16783
420000,26783
430000,36774
440000,46704
450000,56746
460000,1191
470000,11181
480000,21238
490000,31149
500000,41165
510000,51246
520000,61189
530000,5698
540000,15694
550000,25711
560000,35711
570000,45711
580000,55650
590000,95
600000,10175
610000,20098
620000,30166
630000,40175
640000,50091
650000,60086
660000,4632
670000,14587
680000,24639
690000,34596
700000,44639
710000,54582
720000,64566
730000,9103
740000,19100
750000,29103
760000,39086
770000,49075
780000,59103
790000,3531
800000,13559
810000,23549
820000,33537
830000,43520
840000,53494
850000,63519
860000,8026
870000,18012
880000,28031
890000,38016
900000,48031
910000,57946
920000,2495
930000,12495
940000,22471
950000,32495
960000,42443
970000,52476
980000,62495
990000,6958
1000000,16895
1010000,26959
1020000,36939
1030000,46952
1040000,56903
1050000,1343
1060000,11346
1070000,21423
1080000,31419
1090000,41360
1100000,51324
1110000,61354
1120000,5819
1130000,15887
1140000,25887
1150000,35887
1160000,45887
1170000,55794
1180000,270
1190000,10351
1200000,20351
1210000,30271
1220000,40351
1230000,50277
1240000,60311
1250000,4774
1260000,14813
1270000,24765
1280000,34804
1290000,44795
1300000,54777
1310000,64794
1320000,9279
1330000,19195
1340000,29279
1350000,39198
1360000,49279
1370000,59276
1380000,3710
1390000,13743
1400000,23743
1410000,33684
1420000,43677
1430000,53678
1440000,63743
1450000,8167
1460000,18207
1470000,28207
1480000,38173
1490000,48207
1500000,58207
1510000,2671
1520000,12669
1530000,22643
1540000,32631
1550000,42671
1560000,52671
1570000,62657
1580000,7099
1590000,17124
1600000,27135
1610000,37135
1620000,47135
1630000,57120
1640000,1565
1650000,11509
1660000,21599
1670000,31599
1680000,41599
1690000,51540
1700000,61586
1710000,6005
1720000,16063
1730000,26023
1740000,36042
1750000,45979
1760000,56056
1770000,498
1780000,10527
1790000,20456
1800000,30510
1810000,40527
1820000,50479
1830000,60527
1840000,4953
1850000,14991
1860000,24991
1870000,34907
1880000,44925
1890000,54897
1900000,64991
1910000,9386
1920000,19455
1930000,29403
1940000,39455
1950000,49359
1960000,59392
1970000,3824
1980000,13822
1990000,23919
2000000,33889
2010000,43919
2020000,53919
2030000,63919
2040000,8284
2050000,18359
2060000,28360
2070000,38344
2080000,48383
2090000,58383
2100000,2780
2110000,12758
2120000,22847
2130000,32847
2140000,42847
2150000,52799
2160000,62843
2170000,7311
2180000,17222
2190000,27311
2200000,37311
2210000,47303
2220000,57226
2230000,1755
2240000,11760
2250000,21743
2260000,31775
2270000,41755
2280000,51722
2290000,61718
2300000,6202
2310000,16240
2320000,26208
2330000,36204
2340000,46198
2350000,56215
2360000,685
2370000,10703
2380000,20703
2390000,30639
2400000,40703
2410000,50643
2420000,60703
2430000,5167
2440000,15167
2450000,25119
2460000,35107
2470000,45143
2480000,55144
2490000,65167
2500000,9556
2510000,19535
2520000,29618
2530000,39550
2540000,49631
2550000,59534
2560000,3999
2570000,14069
2580000,24013
2590000,34095
2600000,44010
2610000,54062
2620000,64095
2630000,8559
2640000,18461
2650000,28559
2660000,38526
2670000,48505
2680000,58559
2690000,2973
2700000,12984
2710000,23023
2720000,33023
2730000,42951
2740000,53023
2750000,62964
2760000,7437
2770000,17487
2780000,27408
2790000,37421
2800000,47401
2810000,57468
2820000,1883
2830000,11951
2840000,21946
2850000,31942
2860000,41918
2870000,51879
2880000,61951
2890000,6386
2900000,16349
2910000,26329
2920000,36415
2930000,46361
2940000,56363
2950000,861
2960000,10879
2970000,20879
2980000,30840
2990000,40818
3000000,50833
3010000,60879
3020000,5291
3030000,15277
3040000,25313
3050000,35343
3060000,45272
3070000,55343
3080000,65318
3090000,9807
3100000,19791
3110000,29807
3120000,39749
3130000,49763
3140000,59807
3150000,4271
3160000,14269
3170000,24215
3180000,34271
3190000,44271
3200000,54252
3210000,64249
3220000,8667
3230000,18694
3240000,28735
3250000,38735
3260000,48714
3270000,58717
3280000,3129
3290000,13142
3300000,23187
3310000,33199
3320000,43151
3330000,53199
3340000,63141
3350000,7610
3360000,17661
3370000,27617
3380000,37663
3390000,47663
3400000,57663
3410000,2091
3420000,12127
3430000,22076
3440000,32127
3450000,42116
3460000,52127
3470000,62044
3480000,6591
3490000,16591
3500000,26591
3510000,36511
3520000,46537
3530000,56591
3540000,1006
3550000,11049
3560000,21050
3570000,31055
3580000,41055
3590000,51010
3600000,60982
3610000,5519
3620000,15498
3630000,25502
3640000,35482
3650000,45431
3660000,55519
3670000,65506
3680000,9983
3690000,19925
3700000,29971
3710000,39983
3720000,49917
3730000,59930
3740000,4365
3750000,14447
3760000,24447
3770000,34447
3780000,44429
3790000,54379
3800000,64447
3810000,8911
3820000,18836
3830000,28813
3840000,38911
3850000,48911
3860000,58829
3870000,3342
3880000,13375
3890000,23325
3900000,33308
3910000,43359
3920000,53322
3930000,63375
3940000,7839
3950000,17805
3960000,27821
3970000,37839
3980000,47754
3990000,57839
4000000,2230
4010000,12224
4020000,22303
4030000,32239
4040000,42303
4050000,52234
4060000,62210
4070000,6767
4080000,16709
4090000,26767
4100000,36767
4110000,46675
4120000,56726
4130000,1187
4140000,11231
4150000,21231
4160000,31157
4170000,41221
4180000,51196
4190000,61147
4200000,5695
4210000,15683
4220000,25622
4230000,35695
4240000,45641
4250000,55695
4260000,103
4270000,10159
4280000,20067
4290000,30076
4300000,40159
4310000,50159
4320000,60113
4330000,4574
4340000,14557
4350000,24623
4360000,34609
4370000,44568
4380000,54603
4390000,64623
4400000,9079
4410000,19079
4420000,29001
4430000,39087
4440000,49087
4450000,59023
4460000,3551
4470000,13458
4480000,23551
4490000,33526
4500000,43535
4510000,53507
4520000,63519
4530000,8015
4540000,18015
4550000,28015
4560000,37967
4570000,48007
4580000,57989
4590000,2479
4600000,12418
4610000,22448
4620000,32479
4630000,42382
4640000,52479
4650000,62406
4660000,6943
4670000,16942
4680000,26855
4690000,36943
4700000,46936
4710000,56943
4720000,1363
4730000,11407
4740000,21371
4750000,31407
4760000,41407
4770000,51325
4780000,61359
4790000,5777
4800000,15784
4810000,25863
4820000,35841
4830000,45772
4840000,55871
4850000,237
4860000,10335
4870000,20310
4880000,30335
4890000,40251
4900000,50238
4910000,60259
4920000,4799
4930000,14799
4940000,24795
4950000,34725
4960000,44727
4970000,54799
4980000,64784
4990000,9263
5000000,19263
5010000,29263
5020000,39199
5030000,49263
5040000,59196
5050000,3628
5060000,13727
5070000,23727
5080000,33710
5090000,43720
5100000,53660
5110000,63674
5120000,8191
5130000,18096
5140000,28191
5150000,38191
5160000,48191
5170000,58191
5180000,2655
5190000,12655
5200000,22655
5210000,32626
5220000,42655
5230000,52617
5240000,62629
5250000,7119
5260000,17113
5270000,27051
5280000,37119
5290000,47095
5300000,57036
5310000,1583
5320000,11578
5330000,21583
5340000,31486
5350000,41505
5360000,51583
5370000,61583
5380000,6002
5390000,16047
5400000,26047
5410000,35996
5420000,45985
5430000,56047
5440000,504
5450000,10495
5460000,20511
5470000,30461
5480000,40500
5490000,50342
5500000,60507
5510000,4975
5520000,14893
5530000,24905
5540000,34954
5550000,44975
5560000,54925
5570000,64930
5580000,9406
5590000,19439
5600000,29400
5610000,39352
5620000,49389
5630000,59439
5640000,3903
5650000,13903
5660000,23814
5670000,33810
5680000,43853
5690000,53841
5700000,63903
5710000,8279
5720000,18303
5730000,28281
5740000,38284
5750000,48362
5760000,58367
5770000,2831
5780000,12793
5790000,22745
5800000,32803
5810000,42814
5820000,52776
5830000,62781
5840000,7295
5850000,17230
5860000,27253
5870000,37234
5880000,47104
5890000,57282
5900000,1661
5910000,11745
5920000,21759
5930000,31683
5940000,41660
5950000,51670
5960000,61759
5970000,6223
5980000,16158
5990000,26217
6000000,36150
6010000,46212
6020000,56163
6030000,666
6040000,10687
6050000,20687
6060000,30621
6070000,40687
6080000,50675
6090000,60605
6100000,5100
6110000,15152
6120000,25151
6130000,35089
6140000,45093
6150000,55151
6160000,65099
6170000,9567
6180000,19566
6190000,29537
6200000,39526
6210000,49551
6220000,59614
6230000,4072
6240000,14028
6250000,24044
6260000,33998
6270000,44074
6280000,54079
6290000,64015
6300000,8522
6310000,18482
6320000,28463
6330000,38486
6340000,48470
6350000,58525
6360000,3007
6370000,13007
6380000,23007
6390000,33006
6400000,42976
6410000,52916
6420000,63007
6430000,7396
6440000,17432
6450000,27471
6460000,37471
6470000,47471
6480000,57465
6490000,1919
6500000,11895
6510000,21935
6520000,31900
6530000,41935
6540000,51935
6550000,61866
6560000,6371
6570000,16350
6580000,26399
6590000,36325
6600000,46302
6610000,56305
6620000,849
6630000,10826
6640000,20861
6650000,30814
6660000,40863
6670000,50863
6680000,60863
6690000,5242
6700000,15266
6710000,25327
6720000,35319
6730000,45327
6740000,55256
6750000,65321
6760000,9767
6770000,19792
6780000,29755
6790000,39791
6800000,49702
6810000,59791
6820000,4255
6830000,14188
6840000,24162
6850000,34255
6860000,44168
6870000,54185
6880000,64255
6890000,8715
6900000,18669
6910000,28709
6920000,38659
6930000,48708
6940000,58719
6950000,3110
6960000,13113
6970000,23150
6980000,33184
6990000,43183
7000000,53183
7010000,63180
7020000,7643
7030000,17595
7040000,27647
7050000,37630
7060000,47562
7070000,57602
7080000,2111
7090000,12021
7100000,21982
7110000,32099
7120000,42094
7130000,52111
7140000,62049
7150000,6575
7160000,16575
7170000,26575
7180000,36575
7190000,46575
7200000,56510
7210000,1001
7220000,10991
7230000,20988
7240000,31006
7250000,41039
7260000,51039
7270000,61029
7280000,5459
7290000,15413
7300000,25503
7310000,35496
7320000,45407
7330000,55417
7340000,65424
7350000,9893
7360000,19925
7370000,29967
7380000,39953
7390000,49963
7400000,59967
7410000,4431
7420000,14338
7430000,24425
7440000,34432
7450000,44431
7460000,54394
7470000,64335
7480000,8895
7490000,18891
7500000,28869
7510000,38895
7520000,48895
7530000,58811
7540000,3343
7550000,13359
7560000,23351
7570000,33284
7580000,43359
7590000,53274
7600000,63359
7610000,7786
7620000,17823
7630000,27823
7640000,37823
7650000,47780
7660000,57756
7670000,2256
7680000,12272
7690000,22287
7700000,32241
7710000,42284
7720000,52269
7730000,62287
7740000,6748
7750000,16751
7760000,26751
7770000,36751
7780000,46726
7790000,56751
7800000,1168
7810000,11128
7820000,21161
7830000,31200
7840000,41162
7850000,51215
7860000,61155
7870000,5679
7880000,15679
7890000,25672
7900000,35598
7910000,45679
7920000,55679
7930000,70
7940000,10128
7950000,20104
7960000,30143
7970000,40127
7980000,50048
7990000,60069
8000000,4586
8010000,14525
8020000,24510
8030000,34512
8040000,44559
8050000,54563
8060000,64554
8070000,9071
8080000,19032
8090000,29005
8100000,39071
8110000,49029
8120000,59029
8130000,3499
8140000,13535
8150000,23444
8160000,33530
8170000,43535
8180000,53535
8190000,63535
8200000,7923
8210000,17997
8220000,27999
8230000,37999
8240000,47917
8250000,57999
8260000,2423
8270000,12414
8280000,22391
8290000,32435
8300000,42386
8310000,52463
8320000,62463
8330000,6898
8340000,16927
8350000,26927
8360000,36927
8370000,46877
8380000,56927
8390000,1391
8400000,11359
8410000,21301
8420000,31391
8430000,41317
8440000,51296
8450000,61391
8460000,5757
8470000,15802
8480000,25829
8490000,35820
8500000,45790
8510000,55855
8520000,295
8530000,10283
8540000,20269
8550000,30300
8560000,40319
8570000,50221
8580000,60319
8590000,4783
8600000,14737
8610000,24717
8620000,34783
8630000,44720
8640000,54783
8650000,64706
8660000,9242
8670000,19247
8680000,29242
8690000,39177
8700000,49150
8710000,59246
8720000,3694
8730000,13710
8740000,23702
8750000,33711
8760000,43711
8770000,53711
8780000,63654
8790000,8143
8800000,18175
8810000,28175
8820000,38175
8830000,48083
8840000,58171
8850000,2540
8860000,12636
8870000,22639
8880000,32616
8890000,42639
8900000,52639
8910000,62639
8920000,7065
8930000,17093
8940000,27078
8950000,37039
8960000,47044
8970000,57027
8980000,1567
8990000,11480
9000000,21540
9010000,31505
9020000,41513
9030000,51473
9040000,61567
9050000,6005
9060000,15981
9070000,26031
9080000,35949
9090000,46003
9100000,56030
9110000,407
9120000,10456
9130000,20406
9140000,30436
9150000,40495
9160000,50428
9170000,60439
9180000,4889
9190000,14956
9200000,24876
9210000,34950
9220000,44906
9230000,54862
9240000,64959
9250000,9346
9260000,19385
9270000,29326
9280000,39407
9290000,49423
9300000,59423
9310000,3887
9320000,13815
9330000,23879
9340000,33880
9350000,43849
9360000,53792
9370000,63870
9380000,8346
9390000,18262
9400000,28351
9410000,38317
9420000,48291
9430000,58351
9440000,2719
9450000,12815
9460000,22815
9470000,32815
9480000,42815
9490000,52789
9500000,62760
9510000,7279
9520000,17189
9530000,27216
9540000,37199
9550000,47275
9560000,57207
9570000,1678
9580000,11654
9590000,21644
9600000,31711
9610000,41743
9620000,51743
9630000,61743
9640000,6062
9650000,16110
9660000,26207
9670000,36207
9680000,46111
9690000,56152
9700000,671
9710000,10646
9720000,20573
9730000,30671
9740000,40573
9750000,50671
9760000,60597
9770000,5054
9780000,15052
9790000,25072
9800000,35095
9810000,45135
9820000,55131
9830000,65117
9840000,9512
9850000,19576
9860000,29551
9870000,39599
9880000,49500
9890000,59526
9900000,4020
9910000,14044
9920000,24063
9930000,33998
9940000,43982
9950000,54022
9960000,64025
9970000,8454
9980000,18445
9990000,28484
10000000,38490
